miRNA name	pos:mut	Magen-ALS-enrolment-bloodplasma-SRR13934430	Magen-ALS-enrolment-bloodplasma-SRR13934402	Magen-ALS-enrolment-bloodplasma-SRR13934219	Magen-ALS-enrolment-bloodplasma-SRR13934417	Magen-ALS-enrolment-bloodplasma-SRR13934253	Magen-ALS-enrolment-bloodplasma-SRR13934420	Magen-ALS-enrolment-bloodplasma-SRR13934406	Magen-ALS-enrolment-bloodplasma-SRR13934265	Magen-ALS-enrolment-bloodplasma-SRR13934443	Magen-control-control-bloodplasma-SRR14631747	Magen-ALS-enrolment-bloodplasma-SRR13934430 (PM+1MM+2MM)	Magen-ALS-enrolment-bloodplasma-SRR13934402 (PM+1MM+2MM)	Magen-ALS-enrolment-bloodplasma-SRR13934219 (PM+1MM+2MM)	Magen-ALS-enrolment-bloodplasma-SRR13934417 (PM+1MM+2MM)	Magen-ALS-enrolment-bloodplasma-SRR13934253 (PM+1MM+2MM)	Magen-ALS-enrolment-bloodplasma-SRR13934420 (PM+1MM+2MM)	Magen-ALS-enrolment-bloodplasma-SRR13934406 (PM+1MM+2MM)	Magen-ALS-enrolment-bloodplasma-SRR13934265 (PM+1MM+2MM)	Magen-ALS-enrolment-bloodplasma-SRR13934443 (PM+1MM+2MM)	Magen-control-control-bloodplasma-SRR14631747 (PM+1MM+2MM)
hsa-let-7a-5p	PM	599187.0	24967.0	78084.0	22904.0	102801.0	534355.0	130150.0	169899.0	151558.0	118908.0	611158.0	25598.0	79916.0	23395.0	104217.0	545359.0	132638.0	171826.0	153605.0	120716.0
hsa-let-7a-5p	1:TC	716.0	0.0	0.0	30.0	0.0	694.0	161.0	0.0	0.0	0.0	611158.0	25598.0	79916.0	23395.0	104217.0	545359.0	132638.0	171826.0	153605.0	120716.0
hsa-let-7a-5p	1:TG	42.0	0.0	0.0	1.0	0.0	38.0	17.0	0.0	0.0	0.0	611158.0	25598.0	79916.0	23395.0	104217.0	545359.0	132638.0	171826.0	153605.0	120716.0
hsa-let-7a-5p	2:GA	346.0	0.0	0.0	7.0	0.0	270.0	125.0	0.0	0.0	0.0	611158.0	25598.0	79916.0	23395.0	104217.0	545359.0	132638.0	171826.0	153605.0	120716.0
hsa-let-7a-5p	2:GC	5.0	0.0	0.0	0.0	0.0	2.0	1.0	0.0	0.0	0.0	611158.0	25598.0	79916.0	23395.0	104217.0	545359.0	132638.0	171826.0	153605.0	120716.0
hsa-let-7a-5p	2:GT	9.0	0.0	0.0	0.0	0.0	5.0	1.0	0.0	0.0	0.0	611158.0	25598.0	79916.0	23395.0	104217.0	545359.0	132638.0	171826.0	153605.0	120716.0
hsa-let-7a-5p	3:AC	43.0	0.0	0.0	0.0	0.0	46.0	3.0	0.0	0.0	0.0	611158.0	25598.0	79916.0	23395.0	104217.0	545359.0	132638.0	171826.0	153605.0	120716.0
hsa-let-7a-5p	3:AG	1292.0	0.0	0.0	60.0	0.0	1118.0	286.0	0.0	0.0	0.0	611158.0	25598.0	79916.0	23395.0	104217.0	545359.0	132638.0	171826.0	153605.0	120716.0
hsa-let-7a-5p	3:AT	79.0	0.0	0.0	2.0	0.0	65.0	15.0	0.0	0.0	0.0	611158.0	25598.0	79916.0	23395.0	104217.0	545359.0	132638.0	171826.0	153605.0	120716.0
hsa-let-7a-5p	4:GA	164.0	0.0	0.0	7.0	0.0	149.0	44.0	0.0	0.0	0.0	611158.0	25598.0	79916.0	23395.0	104217.0	545359.0	132638.0	171826.0	153605.0	120716.0
hsa-let-7a-5p	4:GC	4.0	0.0	0.0	0.0	0.0	2.0	1.0	0.0	0.0	0.0	611158.0	25598.0	79916.0	23395.0	104217.0	545359.0	132638.0	171826.0	153605.0	120716.0
hsa-let-7a-5p	4:GT	10.0	0.0	0.0	1.0	0.0	132.0	3.0	0.0	0.0	0.0	611158.0	25598.0	79916.0	23395.0	104217.0	545359.0	132638.0	171826.0	153605.0	120716.0
hsa-let-7a-5p	5:GA	261.0	0.0	0.0	14.0	1.0	426.0	38.0	0.0	0.0	0.0	611158.0	25598.0	79916.0	23395.0	104217.0	545359.0	132638.0	171826.0	153605.0	120716.0
hsa-let-7a-5p	5:GC	3.0	0.0	0.0	1.0	0.0	5.0	2.0	0.0	0.0	0.0	611158.0	25598.0	79916.0	23395.0	104217.0	545359.0	132638.0	171826.0	153605.0	120716.0
hsa-let-7a-5p	5:GT	0.0	0.0	0.0	0.0	0.0	4.0	0.0	0.0	0.0	0.0	611158.0	25598.0	79916.0	23395.0	104217.0	545359.0	132638.0	171826.0	153605.0	120716.0
hsa-let-7a-5p	6:TA	30.0	0.0	13.0	0.0	12.0	31.0	5.0	15.0	14.0	19.0	611158.0	25598.0	79916.0	23395.0	104217.0	545359.0	132638.0	171826.0	153605.0	120716.0
hsa-let-7a-5p	6:TC	596.0	43.0	148.0	18.0	92.0	571.0	121.0	161.0	175.0	138.0	611158.0	25598.0	79916.0	23395.0	104217.0	545359.0	132638.0	171826.0	153605.0	120716.0
hsa-let-7a-5p	6:TG	25.0	0.0	3.0	1.0	8.0	7.0	4.0	16.0	5.0	9.0	611158.0	25598.0	79916.0	23395.0	104217.0	545359.0	132638.0	171826.0	153605.0	120716.0
hsa-let-7a-5p	7:AC	14.0	2.0	1.0	0.0	1.0	14.0	0.0	6.0	3.0	2.0	611158.0	25598.0	79916.0	23395.0	104217.0	545359.0	132638.0	171826.0	153605.0	120716.0
hsa-let-7a-5p	7:AG	880.0	44.0	155.0	22.0	124.0	676.0	148.0	146.0	145.0	146.0	611158.0	25598.0	79916.0	23395.0	104217.0	545359.0	132638.0	171826.0	153605.0	120716.0
hsa-let-7a-5p	7:AT	42.0	2.0	16.0	0.0	14.0	28.0	18.0	8.0	23.0	16.0	611158.0	25598.0	79916.0	23395.0	104217.0	545359.0	132638.0	171826.0	153605.0	120716.0
hsa-let-7a-5p	8:GA	547.0	20.0	43.0	5.0	38.0	105.0	95.0	67.0	145.0	31.0	611158.0	25598.0	79916.0	23395.0	104217.0	545359.0	132638.0	171826.0	153605.0	120716.0
hsa-let-7a-5p	8:GC	4.0	0.0	2.0	0.0	1.0	5.0	1.0	1.0	0.0	5.0	611158.0	25598.0	79916.0	23395.0	104217.0	545359.0	132638.0	171826.0	153605.0	120716.0
hsa-let-7a-5p	8:GT	6.0	3.0	7.0	0.0	9.0	9.0	1.0	9.0	1.0	10.0	611158.0	25598.0	79916.0	23395.0	104217.0	545359.0	132638.0	171826.0	153605.0	120716.0
hsa-let-7a-5p	10:AC	29.0	4.0	4.0	1.0	4.0	24.0	1.0	6.0	14.0	7.0	611158.0	25598.0	79916.0	23395.0	104217.0	545359.0	132638.0	171826.0	153605.0	120716.0
hsa-let-7a-5p	10:AG	740.0	70.0	201.0	98.0	124.0	694.0	145.0	147.0	186.0	124.0	611158.0	25598.0	79916.0	23395.0	104217.0	545359.0	132638.0	171826.0	153605.0	120716.0
hsa-let-7a-5p	10:AT	32.0	1.0	5.0	3.0	4.0	32.0	8.0	17.0	13.0	14.0	611158.0	25598.0	79916.0	23395.0	104217.0	545359.0	132638.0	171826.0	153605.0	120716.0
hsa-let-7a-5p	11:GC	0.0	3.0	2.0	0.0	1.0	1.0	1.0	4.0	0.0	2.0	611158.0	25598.0	79916.0	23395.0	104217.0	545359.0	132638.0	171826.0	153605.0	120716.0
hsa-let-7a-5p	11:GT	18.0	0.0	10.0	0.0	8.0	5.0	1.0	15.0	8.0	122.0	611158.0	25598.0	79916.0	23395.0	104217.0	545359.0	132638.0	171826.0	153605.0	120716.0
hsa-let-7a-5p	13:TA	28.0	8.0	12.0	1.0	6.0	26.0	7.0	21.0	20.0	7.0	611158.0	25598.0	79916.0	23395.0	104217.0	545359.0	132638.0	171826.0	153605.0	120716.0
hsa-let-7a-5p	13:TC	1083.0	133.0	270.0	42.0	204.0	928.0	199.0	257.0	233.0	223.0	611158.0	25598.0	79916.0	23395.0	104217.0	545359.0	132638.0	171826.0	153605.0	120716.0
hsa-let-7a-5p	13:TG	30.0	0.0	19.0	1.0	4.0	12.0	1.0	15.0	3.0	6.0	611158.0	25598.0	79916.0	23395.0	104217.0	545359.0	132638.0	171826.0	153605.0	120716.0
hsa-let-7a-5p	14:TA	12.0	1.0	3.0	1.0	4.0	14.0	3.0	3.0	9.0	5.0	611158.0	25598.0	79916.0	23395.0	104217.0	545359.0	132638.0	171826.0	153605.0	120716.0
hsa-let-7a-5p	14:TC	755.0	64.0	221.0	29.0	135.0	781.0	154.0	144.0	167.0	180.0	611158.0	25598.0	79916.0	23395.0	104217.0	545359.0	132638.0	171826.0	153605.0	120716.0
hsa-let-7a-5p	14:TG	161.0	1.0	6.0	3.0	5.0	129.0	35.0	18.0	10.0	6.0	611158.0	25598.0	79916.0	23395.0	104217.0	545359.0	132638.0	171826.0	153605.0	120716.0
hsa-let-7a-5p	15:GA	197.0	3.0	36.0	5.0	49.0	164.0	45.0	57.0	80.0	55.0	611158.0	25598.0	79916.0	23395.0	104217.0	545359.0	132638.0	171826.0	153605.0	120716.0
hsa-let-7a-5p	15:GC	6.0	0.0	1.0	1.0	3.0	7.0	2.0	4.0	2.0	3.0	611158.0	25598.0	79916.0	23395.0	104217.0	545359.0	132638.0	171826.0	153605.0	120716.0
hsa-let-7a-5p	15:GT	1.0	0.0	5.0	0.0	3.0	103.0	0.0	11.0	3.0	17.0	611158.0	25598.0	79916.0	23395.0	104217.0	545359.0	132638.0	171826.0	153605.0	120716.0
hsa-let-7a-5p	16:TA	15.0	1.0	9.0	1.0	16.0	25.0	4.0	21.0	16.0	14.0	611158.0	25598.0	79916.0	23395.0	104217.0	545359.0	132638.0	171826.0	153605.0	120716.0
hsa-let-7a-5p	16:TG	15.0	3.0	6.0	1.0	6.0	8.0	8.0	11.0	6.0	14.0	611158.0	25598.0	79916.0	23395.0	104217.0	545359.0	132638.0	171826.0	153605.0	120716.0
hsa-let-7a-5p	17:AC	11.0	0.0	1.0	0.0	1.0	3.0	1.0	0.0	2.0	0.0	611158.0	25598.0	79916.0	23395.0	104217.0	545359.0	132638.0	171826.0	153605.0	120716.0
hsa-let-7a-5p	17:AT	11.0	4.0	11.0	1.0	12.0	13.0	2.0	23.0	13.0	8.0	611158.0	25598.0	79916.0	23395.0	104217.0	545359.0	132638.0	171826.0	153605.0	120716.0
hsa-let-7a-5p	18:TA	24.0	2.0	9.0	2.0	7.0	17.0	2.0	15.0	26.0	12.0	611158.0	25598.0	79916.0	23395.0	104217.0	545359.0	132638.0	171826.0	153605.0	120716.0
hsa-let-7a-5p	18:TG	8.0	2.0	11.0	0.0	6.0	9.0	3.0	9.0	3.0	9.0	611158.0	25598.0	79916.0	23395.0	104217.0	545359.0	132638.0	171826.0	153605.0	120716.0
hsa-let-7a-5p	20:GA	222.0	10.0	73.0	4.0	54.0	302.0	21.0	35.0	59.0	53.0	611158.0	25598.0	79916.0	23395.0	104217.0	545359.0	132638.0	171826.0	153605.0	120716.0
hsa-let-7a-5p	20:GC	3.0	0.0	1.0	0.0	0.0	1.0	0.0	1.0	3.0	2.0	611158.0	25598.0	79916.0	23395.0	104217.0	545359.0	132638.0	171826.0	153605.0	120716.0
hsa-let-7a-5p	20:GT	5.0	0.0	3.0	0.0	5.0	4.0	0.0	4.0	5.0	12.0	611158.0	25598.0	79916.0	23395.0	104217.0	545359.0	132638.0	171826.0	153605.0	120716.0
hsa-let-7a-5p	21:TA	14.0	3.0	12.0	2.0	9.0	26.0	8.0	20.0	24.0	19.0	611158.0	25598.0	79916.0	23395.0	104217.0	545359.0	132638.0	171826.0	153605.0	120716.0
hsa-let-7a-5p	21:TC	965.0	46.0	224.0	37.0	151.0	851.0	205.0	189.0	190.0	147.0	611158.0	25598.0	79916.0	23395.0	104217.0	545359.0	132638.0	171826.0	153605.0	120716.0
